1,1,1,1,1,1,1,1
1,1,1,1,1,1,1,1
1,1,1,1,1,1,1,1
1,1,1,1,1,1,1,1
1,1,1,1,1,1,1,1
1,1,1,1,1,1,1,1
1,1,1,1,1,1,1,1
1,1,1,1,1,1,1,1
1,1,1,1,1,1,1,1
1,1,1,1,1,1,1,1
1,1,1,1,1,1,1,1
1,1,1,1,1,1,1,1
1,1,1,1,1,1,1,1
1,1,1,1,1,1,1,1
1,1,1,1,1,1,1,1
id,fileName,sampleSize,eliteSize,smoothParameter,iterationNumber,consumesTimes,optimalValue
id,fileName,sampleSize,eliteSize,smoothParameter,iterationNumber,consumesTimes,optimalValue
id,fileName,sampleSize,eliteSize,smoothParameter,iterationNumber,consumesTimes,optimalValue
id,fileName,sampleSize,eliteSize,smoothParameter,iterationNumber,consumesTimes,optimalValue
id,fileName,sampleSize,eliteSize,smoothParameter,iterationNumber,consumesTimes,optimalValue
